,Total Return,Annualized Return,Annualized Volatility,Sharpe Ratio,Max Drawdown,Calmar Ratio,Average Turnover
PPO Baseline,503.0006562679723,28.69118267466908,20.633945310097648,1.2935569166991634,40.47362068001437,0.7088859902478805,1.7289811092996994
DDPG Baseline,692.8971720809851,33.73375259944731,22.584438799201163,1.4051158358014975,29.736045402784043,1.1344397730940032,8.278724526766712
PPO + Options,495.8484490924225,28.47578952199523,20.60122808555051,1.285155885467094,39.7103118736864,0.71708803528346,1.5552152976352192
