,Total Return,Annualized Return,Annualized Volatility,Sharpe Ratio,Sortino Ratio,Max Drawdown,Calmar Ratio,VaR (95%),CVaR (95%),Average Turnover
PPO,5.0300065626797235,0.2869118267466908,0.20633945310097648,1.2935569166991634,2.2047910545505847,0.4047362068001437,0.7088859902478805,0.019493943554469005,0.031311897517550424,0.017289811092996994
DDPG,6.928971720809851,0.3373375259944731,0.22584438799201162,1.4051158358014975,2.4883034340112458,0.29736045402784045,1.1344397730940032,0.021318271733814106,0.03227391521777825,0.08278724526766712
DQN,4.839850191433331,0.2811356434909136,0.2059883907041206,1.2677201982028485,2.1499474895574853,0.4228211629176299,0.6649043807338514,0.01970468538871458,0.03143962690497621,0.022410778728002755
PPO + Options,4.958484490924225,0.2847578952199523,0.2060122808555051,1.285155885467094,2.188971051699144,0.397103118736864,0.71708803528346,0.01935145275788883,0.031282709604075296,0.015552152976352191
