{
  "total_return": 219.39958642368515,
  "annualized_return": 93.30532598641688,
  "volatility": 16.890001810864703,
  "sharpe_ratio": 5.5242934270378266,
  "max_drawdown": 8.312970445902407,
  "average_turnover": 0.01826189295044213,
  "average_protective_puts": 0.4486762285232544,
  "average_covered_calls": 0.7562285661697388,
  "total_option_pnl": 126567.79386837607,
  "final_portfolio_value": 319399.58642368513,
  "initial_portfolio_value": 100000.0
}