{
  "total_return": 61.11982890798868,
  "annualized_return": 31.090448564830496,
  "volatility": 16.77600066202867,
  "sharpe_ratio": 1.8532693930563318,
  "max_drawdown": 17.056784139898713,
  "average_turnover": 0.015317866664192027,
  "average_protective_puts": 0.0007674236549064517,
  "average_covered_calls": 0.029779350385069847,
  "total_option_pnl": 5757.545330304263,
  "final_portfolio_value": 161119.82890798867,
  "initial_portfolio_value": 100000.0
}